NAME	TITLE	SCORE	
ITM2A	Itm2a	0.40994173	
GZMA	Gzma	0.40773496	
CCR5	Ccr5	0.33499447	
JAK1	Jak1	0.32474384	
ST3GAL6	St3gal6	0.32261837	
MEF2A	Mef2a	0.31181604	
CCR2	Ccr2	0.30017155	
DAP	Dap	0.29582974	
G0S2	G0s2	0.28526586	
XCL1	Xcl1	0.27051196	
ACTG1	Actg1	0.2691013	
SH2D1A	Sh2d1a	0.258661	
CDK2AP1	Cdk2ap1	0.25624153	
CALM3	Calm2	0.25386536	
TXNDC5	Txndc5	0.24453464	
NDRG1	Ndrg1	0.2425455	
PFN1	Pfn1	0.23905714	
SAMD3	Samd3	0.23011246	
IGHM	Ighm	0.2280812	
LRRK1	Lrrk1	0.22684649	
PLEK	Plek	0.22111453	
TRAC	Trac	0.21382071	
PTP4A3	Ptp4a3	0.20980968	
TMSB4Y	Tmsb4x	0.20909677	
SUB1	Sub1	0.20540671	
PDCD4	Pdcd4	0.20476791	
GNAS	Gnas	0.20340104	
EOMES	Eomes	0.20325042	
MYL6	Myl6	0.2031543	
SYTL2	Sytl2	0.20187466	
TM6SF1	Tm6sf1	0.20012152	
ZNF512	Zfp512	0.20006818	
ARHGDIB	Arhgdib	0.19678631	
HCST	Hcst	0.1943214	
CCL4	Ccl4	0.1926881	
ENTPD1	Entpd1	0.18871307	
TBX21	Tbx21	0.18452004	
SNX5	Snx5	0.1842855	
PTPRCAP	Ptprcap	0.1841635	
SH2D2A	Sh2d2a	0.18291971	
CD2	Cd2	0.18254574	
ACTB	Actb	0.18240999	
RPL32	Rpl32	0.18161418	
TXK	Txk	0.18118487	
KLRD1	Klrd1	0.17951526	
RPS11	Rps11	0.17867774	
ELOVL6	Elovl6	0.1767981	
TSPAN32	Tspan32	0.17627425	
LRRC28	Lrrc28	0.17552651	
ARPC5	Arpc5	0.17332503	
ID3	Id3	0.17308126	
GEM	Gem	0.17292252	
ARAP2	Arap2	0.17161623	
UBASH3B	Ubash3b	0.17144091	
COTL1	Cotl1	0.17013712	
PEAK1	Peak1	0.1680228	
C1orf21	1700025G04Rik	0.16795288	
ZYX	Zyx	0.16501786	
CD5	Cd5	0.16324677	
RPL39	Rpl39	0.1616214	
ARL6IP1	Arl6ip1	0.16019501	
CD27	Cd27	0.16010605	
RPL13A	Rpl13a	0.16006236	
RPLP0	Rplp0	0.15909716	
STARD10	Stard10	0.15909585	
PIK3AP1	Pik3ap1	0.15775424	
FYN	Fyn	0.15701132	
PTPN6	Ptpn6	0.15403305	
PYCARD	Pycard	0.15333991	
TMEM108	Tmem108	0.15291186	
SLA	Sla	0.15047455	
NSG2	Nsg2	0.14959775	
NA	Trbc1	0.14904526	
TNFAIP8	Tnfaip8	0.14724392	
CHSY1	Chsy1	0.14699781	
SEPT7	Sept7	0.14538422	
MPP1	Mpp1	0.1448545	
CD6	Cd6	0.142733	
OTULIN	Otulin	0.14130738	
MFSD10	Mfsd10	0.13870291	
DAPK2	Dapk2	0.13592085	
CNN2	Cnn2	0.13559346	
TEX9	Tex9	0.13450356	
SLC16A2	Slc16a2	0.13360944	
ARRB2	Arrb2	0.13318658	
UGCG	Ugcg	0.13216038	
H1F0	H1f0	0.12997362	
GIMAP6	Gimap6	0.1250411	
ACTR3	Actr3	0.121350296	
SCIMP	Scimp	0.12124415	
RPSA	Rpsa	0.11795404	
RPS15A	Rps15a	0.1175459	
MALT1	Malt1	0.117011756	
LIMD2	Limd2	0.11663044	
GIMAP4	Gimap4	0.11381025	
FAM174B	Fam174b	0.113688864	
STK17B	Stk17b	0.11034208	
PRF1	Prf1	0.10999298	
IL4R	Il4ra	0.109352365	
PRKCH	Prkch	0.106872864	
GMFG	Gmfg	0.10524439	
XBP1	Xbp1	0.10440489	
SH3BGRL3	Sh3bgrl3	0.10376563	
KBTBD11	Kbtbd11	0.102884315	
SLC2A3	Slc2a3	0.10190389	
ADD3	Add3	0.10170878	
ST8SIA4	St8sia4	0.10091945	
CHD3	Chd3	0.100216106	
TNFSF14	Tnfsf14	0.09985555	
SELL	Sell	0.09868211	
ARL5C	Arl5c	0.09662032	
ZFP36	Zfp36	0.09575556	
NKG7	Nkg7	0.09572377	
UCP2	Ucp2	0.09568703	
IFNGR1	Ifngr1	0.09409678	
STAP1	Stap1	0.093449764	
ZNF676	Zfp273	0.0929695	
TPM4	Tpm4	0.09264743	
CXCR3	Cxcr3	0.09245146	
KLHDC8B	Klhdc8b	0.092122	
BORCS7	Borcs7	0.091888554	
CST7	Cst7	0.09178393	
IKZF3	Ikzf3	0.09144359	
RPS12	Rps12	0.09112411	
PGLYRP1	Pglyrp1	0.090599604	
CFL1	Cfl1	0.08953813	
KLHL24	Klhl24	0.089239374	
ITPKB	Itpkb	0.08884601	
IRF2BPL	Irf2bpl	0.08842042	
PKP4	Pkp4	0.08826209	
FAS	Fas	0.08656698	
ABI2	Abi2	0.08653465	
DNAJC5	Dnajc5	0.086349174	
IQGAP2	Iqgap2	0.08568124	
CNOT6L	Cnot6l	0.08554572	
CDKN2C	Cdkn2c	0.08533195	
MYO1F	Myo1f	0.08515295	
NR3C1	Nr3c1	0.0850998	
CD47	Cd47	0.0848011	
LYST	Lyst	0.08335056	
TMEM37	Tmem37	0.08332693	
SLAMF6	Slamf6	0.08232602	
CYB5D1	Cyb5d1	0.08224567	
SELENOP	Selenop	0.08200303	
GPR183	Gpr183	0.08153384	
RAC2	Rac2	0.08114215	
IL2RB	Il2rb	0.08085942	
BBS2	Bbs2	0.080696374	
BIN2	Bin2	0.08069435	
CXCR6	Cxcr6	0.080623254	
DGKH	Dgkh	0.079469346	
LCP1	Lcp1	0.07918258	
MFSD6	Mfsd6	0.07778303	
KLHDC2	Klhdc2	0.07770875	
ITGB1	Itgb1	0.07734607	
CHPT1	Chpt1	0.077124946	
CAMK1D	Camk1d	0.07690493	
PPP3CC	Ppp3cc	0.07684439	
BCL2L11	Bcl2l11	0.07679951	
YPEL3	Ypel3	0.07656155	
SATB1	Satb1	0.07633791	
OSBPL6	Osbpl6	0.076263934	
SLC18A2	Slc18a2	0.07549777	
LY96	Ly96	0.07489466	
HIST1H2BD	Hist3h2ba	0.07463655	
GDPD3	Gdpd3	0.07419968	
SELPLG	Selplg	0.073919415	
GSAP	Gsap	0.07354774	
CCNJ	Ccnj	0.07346757	
ACOT2	Acot2	0.07313605	
ITM2B	Itm2b	0.07298691	
CD38	Cd38	0.07243873	
KRAS	Kras	0.07240538	
GLA	Gla	0.07207214	
ANXA6	Anxa6	0.07120715	
QRFP	Qrfp	0.071020335	
CRIM1	Crim1	0.07021567	
IFI27	Ifi27	0.070138596	
ZPBP2	Zpbp2	0.07011959	
RNF43	Rnf43	0.06984835	
KLRC1	Klrc1	0.06984465	
DUSP2	Dusp2	0.06913652	
ZFHX2	Zfhx2	0.06836506	
NEDD4	Nedd4	0.06828422	
H3F3A	H3f3b	0.068175286	
AS3MT	As3mt	0.06773886	
GPR18	Gpr18	0.06716337	
ZNF567	Zfp300	0.06655799	
EEF1A1	Eef1a1	0.06651778	
EP300	Ep300	0.066003926	
LDHA	Ldha	0.06551183	
APC	Apc	0.06486698	
TAOK3	Taok3	0.06407351	
ZNF8	Zfp128	0.064047925	
DOK2	Dok2	0.06403632	
TESPA1	Tespa1	0.063583665	
OCIAD2	Ociad2	0.06357226	
F2RL1	F2rl1	0.06332663	
RPS26	Rps26	0.0627814	
DUSP6	Dusp6	0.062739074	
PTPRC	Ptprc	0.06255877	
RSRP1	Rsrp1	0.062317375	
RUNX3	Runx3	0.062237076	
IL15RA	Il15ra	0.062203307	
FAM193A	Fam193a	0.061776053	
KCNC1	Kcnc1	0.06161362	
ZFPM1	Zfpm1	0.061315518	
CPNE3	Cpne3	0.06092708	
SLC39A8	Slc39a8	0.060596578	
DNAJC21	Dnajc21	0.06037199	
SNX10	Snx10	0.060096096	
MXD4	Mxd4	0.059866227	
CDC42BPG	Cdc42bpg	0.059454132	
CD160	Cd160	0.05931651	
ARL4D	Arl4d	0.05857465	
TIA1	Tia1	0.058519326	
CLIP1	Clip1	0.058138814	
CTSW	Ctsw	0.057399586	
FAM185A	Fam185a	0.057205167	
CTSD	Ctsd	0.05696913	
C12orf65	2810006K23Rik	0.05682231	
EGR1	Egr1	0.05666485	
CEP104	Cep104	0.056555852	
DNAJC1	Dnajc1	0.056282695	
RPGRIP1	Rpgrip1	0.056216728	
KLHL20	Klhl20	0.055381496	
IRF8	Irf8	0.05528656	
LAIR1	Lair1	0.05465159	
MAPKBP1	Mapkbp1	0.054600667	
TTC28	Ttc28	0.054064278	
GPR174	Gpr174	0.053889763	
ZMYM5	Zmym5	0.053255137	
NFIC	Nfic	0.053237427	
SIKE1	Sike1	0.05313415	
EHD3	Ehd3	0.052690223	
DICER1	Dicer1	0.05235076	
E2F2	E2f2	0.052226707	
USP15	Usp15	0.051673077	
STAT4	Stat4	0.051590845	
KLRK1	Klrk1	0.051506184	
RFC1	Rfc1	0.05145523	
TECPR1	Tecpr1	0.05131332	
FCGRT	Fcgrt	0.051092822	
PALLD	Palld	0.05053173	
ROCK1	Rock1	0.04972748	
RELB	Relb	0.04946501	
ARID4A	Arid4a	0.049157538	
ABCG2	Abcg2	0.048227794	
MYLPF	Mylpf	0.04817795	
ZBTB38	Zbtb38	0.04810158	
RPH3AL	Rph3al	0.048042152	
LAPTM5	Laptm5	0.047967575	
CCAR1	Ccar1	0.04758635	
FBXL18	Fbxl18	0.04744883	
TNIP3	Tnip3	0.04731914	
SAMSN1	Samsn1	0.047275737	
TGFB1	Tgfb1	0.047174133	
ZNF318	Zfp318	0.047025837	
FOXN3	Foxn3	0.04681071	
GDPD5	Gdpd5	0.046798684	
ZNF322	Zfp322a	0.04674124	
SLAMF7	Slamf7	0.04640443	
MDGA2	Mdga2	0.04565834	
CDH13	Cdh13	0.04565619	
ART4	Art4	0.045635067	
RAP2A	Rap2a	0.045478646	
GNG2	Gng2	0.04462137	
KMT2D	Kmt2d	0.04413376	
FBF1	Fbf1	0.043716475	
GPD2	Gpd2	0.043049514	
NCALD	Ncald	0.042989213	
SPEF2	Spef2	0.042911496	
ZNF613	Zfp157	0.042906728	
FHIT	Fhit	0.042850956	
CNRIP1	Cnrip1	0.042832505	
RC3H2	Rc3h2	0.04256269	
SLC26A11	Slc26a11	0.042531542	
DOCK2	Dock2	0.042491857	
ZMYND8	Zmynd8	0.042331915	
CACNB4	Cacnb4	0.04230645	
GIMAP1-GIMAP5	Gimap3	0.04194904	
GABPB2	Gabpb2	0.041920308	
RNF20	Rnf20	0.04188831	
DENND2D	Dennd2d	0.041772068	
ULK4	Ulk4	0.041674066	
GALC	Galc	0.041517675	
YBX3	Ybx3	0.04134413	
YJEFN3	Yjefn3	0.041236114	
PTPN22	Ptpn22	0.041150294	
GXYLT1	Gxylt1	0.041105352	
JARID2	Jarid2	0.041062478	
RAP2B	Rap2b	0.040567614	
SPSB1	Spsb1	0.04056449	
PBXIP1	Pbxip1	0.040549822	
PPP3CA	Ppp3ca	0.040540207	
MYLIP	Mylip	0.040475637	
RALB	Ralb	0.040309854	
RYK	Ryk	0.040154275	
TAF1D	Taf1d	0.040072106	
CRTAM	Crtam	0.039939635	
GDF11	Gdf11	0.03943738	
ABCG1	Abcg1	0.03920816	
RAPH1	Raph1	0.03903469	
GLYCTK	Glyctk	0.038996026	
GOLIM4	Golim4	0.03861779	
TBC1D30	Tbc1d30	0.03859158	
ANKRD26	Ankrd26	0.03850278	
RGS3	Rgs3	0.0384761	
CPSF2	Cpsf2	0.03845132	
JMJD1C	Jmjd1c	0.03841214	
RCN3	Rcn3	0.03824988	
GZMM	Gzmm	0.03822047	
SGK1	Sgk1	0.03820103	
WDR38	Wdr38	0.037633155	
RPL23	Rpl23	0.03751913	
KLF7	Klf7	0.037408356	
DUSP22	Dusp22	0.03740192	
CCNL1	Ccnl1	0.03730521	
UFL1	Ufl1	0.037120324	
DNAJB14	Dnajb14	0.037044723	
ZRSR2	Zrsr2	0.036682006	
TNFRSF9	Tnfrsf9	0.036505435	
SP140	Sp140	0.03647583	
PCYT1A	Pcyt1a	0.036435008	
MYC	Myc	0.03637735	
GNAL	Gnal	0.03606037	
ATP1B1	Atp1b1	0.03593038	
TRBV19	Trbv19	0.035558857	
CYTIP	Cytip	0.035543162	
PRUNE1	Prune1	0.035534304	
TOB1	Tob1	0.03552951	
WDFY2	Wdfy2	0.0352244	
DDIT4	Ddit4	0.035160005	
ZBTB7A	Zbtb7a	0.03509619	
SMIM3	Smim3	0.035035573	
RBM3	Rbm3	0.034968376	
C15orf48	AA467197	0.034721512	
STXBP4	Stxbp4	0.03450453	
MACF1	Macf1	0.034410577	
LYRM9	Lyrm9	0.034249052	
ITGAL	Itgal	0.034140244	
RASGEF1B	Rasgef1b	0.034019794	
GRIFIN	Grifin	0.033985183	
GPR160	Gpr160	0.03391857	
SAT1	Sat1	0.033674315	
SETBP1	Setbp1	0.033560082	
NEMF	Nemf	0.03306438	
FASLG	Fasl	0.032882474	
OSBPL3	Osbpl3	0.032856923	
ZFP36L2	Zfp36l2	0.032748513	
KDM5A	Kdm5a	0.032747593	
CNGA1	Cnga1	0.03267166	
MAST4	Mast4	0.032465063	
TOP1	Top1	0.032444276	
BOD1L1	Bod1l	0.032367624	
RCSD1	Rcsd1	0.0323485	
TMEM260	Tmem260	0.032318406	
ZNF502	Zfp72	0.03224907	
RASA2	Rasa2	0.031823765	
ARMT1	Armt1	0.0316187	
SRGN	Srgn	0.03154525	
ARID3A	Arid3a	0.03117735	
PHF19	Phf19	0.031094825	
TSC22D4	Tsc22d4	0.030874228	
TLN1	Tln1	0.030862167	
GAPDH	Gapdh	0.030528191	
PTGER4	Ptger4	0.030272448	
JAML	Jaml	0.030095913	
C17orf75	5730455P16Rik	0.029906338	
MEGF9	Megf9	0.029807454	
VPREB1	Vpreb1	0.029734373	
S100A1	S100a1	0.029659158	
SSH2	Ssh2	0.029491596	
EEA1	Eea1	0.029327432	
REST	Rest	0.02901367	
TRPM4	Trpm4	0.028936645	
LZTS2	Lzts2	0.02885261	
SLC37A2	Slc37a2	0.028818918	
PMEPA1	Pmepa1	0.028589014	
LZTFL1	Lztfl1	0.02853306	
VEZF1	Vezf1	0.028351981	
DSEL	Dsel	0.028340606	
DOCK5	Dock5	0.028071582	
IER2	Ier2	0.02769433	
IL6ST	Il6st	0.027645454	
TP53INP1	Trp53inp1	0.02761185	
FAM189B	Fam189b	0.027511274	
DNAJC25	Dnajc25	0.027396401	
BBC3	Bbc3	0.027375389	
CELA1	Cela1	0.027348028	
PGGT1B	Pggt1b	0.027195793	
APPL1	Appl1	0.026846545	
LZTS1	Lzts1	0.026772248	
CD68	Cd68	0.026751313	
CHRNB2	Chrnb2	0.026600767	
AHI1	Ahi1	0.026521573	
NPTN	Nptn	0.026366476	
MOCS1	Mocs1	0.02636278	
STAR	Star	0.026338903	
HIST4H4	Hist1h4i	0.026227659	
RFX7	Rfx7	0.026111	
MEX3A	Mex3a	0.026052041	
PPIG	Ppig	0.025819946	
SFPQ	Sfpq	0.025815196	
RASL11B	Rasl11b	0.02561363	
C19orf57	4930432K21Rik	0.025604805	
CD2AP	Cd2ap	0.02557157	
RUNX2	Runx2	0.025489384	
STK3	Stk3	0.025420427	
CSPP1	Cspp1	0.025312977	
MEX3B	Mex3b	0.02523508	
IZUMO1R	Izumo1r	0.025196236	
DZIP3	Dzip3	0.02475751	
STC2	Stc2	0.024520604	
NDUFAF2	Ndufaf2	0.024406925	
RPL28	Rpl28	0.02424643	
PBX3	Pbx3	0.024226883	
WDCP	Wdcp	0.024167001	
PDE5A	Pde5a	0.02416508	
HIVEP3	Hivep3	0.0239418	
FLNA	Flna	0.023902044	
RCBTB2	Rcbtb2	0.023681711	
PABPC1	Pabpc1	0.023662044	
CUX1	Cux1	0.023436293	
SCAPER	Scaper	0.023402106	
JPT1	Jpt1	0.023356134	
NCOR1	Ncor1	0.02320381	
ARNTL2	Arntl2	0.02302199	
GALNT4	Galnt4	0.022920044	
ETS1	Ets1	0.022722194	
LARGE1	Large1	0.022524133	
KLHL6	Klhl6	0.022499235	
HCFC2	Hcfc2	0.022413073	
HIST2H2AA4	Hist2h2aa1	0.022205262	
CATSPER2	Catsper2	0.021935932	
OTUD7B	Otud7b	0.021844469	
SETD2	Setd2	0.021653764	
ELF1	Elf1	0.021637848	
RGS10	Rgs10	0.021632317	
DDC	Ddc	0.021446837	
DAAM1	Daam1	0.020905064	
LCORL	Lcorl	0.020871116	
WDFY1	Wdfy1	0.020742895	
PRPF40A	Prpf40a	0.02069794	
ARHGAP15	Arhgap15	0.020559672	
NR4A1	Nr4a1	0.020445539	
PAN3	Pan3	0.020226048	
DDX6	Ddx6	0.020198146	
DDX3Y	Ddx3y	0.020163786	
AMPD3	Ampd3	0.020160768	
SERPINB6	Serpinb6a	0.019999547	
XRN1	Xrn1	0.019987933	
FILIP1L	Filip1l	0.019868588	
ATR	Atr	0.01986516	
C3orf14	3830406C13Rik	0.019798212	
ZNF365	Zfp365	0.019516304	
TBL1X	Tbl1x	0.019400707	
CDK2AP2	Cdk2ap2	0.01908395	
SMAP1	Smap1	0.018943015	
SERINC5	Serinc5	0.018699283	
S1PR5	S1pr5	0.018698718	
LMNA	Lmna	0.018618302	
C11orf95	2700081O15Rik	0.018319443	
COL6A3	Col6a3	0.018273273	
SPO11	Spo11	0.01813353	
RPL13	Rpl13	0.018082766	
ZNF287	Zfp287	0.018018002	
FBXL19	Fbxl19	0.017759962	
KDM7A	Kdm7a	0.017669583	
TRIB2	Trib2	0.01763815	
KIF1B	Kif1b	0.01761848	
ACOT7	Acot7	0.017430075	
HEXIM2	Hexim2	0.017401664	
UBTF	Ubtf	0.017256305	
FTL	Ftl1	0.017244186	
GRAP	Grap	0.017234072	
TSPO	Tspo	0.017114688	
TTF1	Ttf1	0.016928295	
NAT14	Nat14	0.016828075	
ARHGEF12	Arhgef12	0.016215902	
KTN1	Ktn1	0.016110217	
RILPL2	Rilpl2	0.016099261	
MAML3	Maml3	0.016004203	
POMT2	Pomt2	0.015831066	
SLC12A4	Slc12a4	0.01574372	
GKAP1	Gkap1	0.015714401	
CXCR5	Cxcr5	0.015545481	
ZCCHC2	Zcchc2	0.015524136	
NFIA	Nfia	0.015505799	
ADAMTS10	Adamts10	0.015444962	
BAG2	Bag2	0.015335965	
NFYB	Nfyb	0.015262632	
ABHD18	Abhd18	0.015097357	
CELF2	Celf2	0.014945702	
CCDC88A	Ccdc88a	0.014800889	
ZNF669	Zfp963	0.014472659	
ASAP1	Asap1	0.0143569475	
CBL	Cbl	0.0143021	
GAS7	Gas7	0.014251213	
N4BP1	N4bp1	0.014187046	
NOL8	Nol8	0.014169118	
BASP1	Basp1	0.013914037	
HEATR6	Heatr6	0.013726061	
ARGLU1	Arglu1	0.013688076	
DQX1	Dqx1	0.013426486	
NCOA1	Ncoa1	0.0133478185	
HAUS8	Haus8	0.013128322	
IFITM10	Ifitm10	0.013019753	
NCF2	Ncf2	0.012895178	
OSGEPL1	Osgepl1	0.012421116	
TMOD4	Tmod4	0.012390635	
BAZ1A	Baz1a	0.012260276	
RNASEL	Rnasel	0.012241805	
ACER3	Acer3	0.012227661	
SERBP1	Serbp1	0.01212245	
PVR	Pvr	0.012024295	
ZFP30	Zfp30	0.01196257	
ING2	Ing2	0.011924533	
USP34	Usp34	0.011887497	
TPMT	Tpmt	0.011839426	
GPR137C	Gpr137c	0.011824194	
RAB6B	Rab6b	0.011615086	
HEG1	Heg1	0.01160167	
KIAA0556	D430042O09Rik	0.011598958	
ATXN7	Atxn7	0.011576598	
PLEKHA5	Plekha5	0.0113733355	
ZNF3	Zfp113	0.011087015	
NSMAF	Nsmaf	0.011067919	
TEC	Tec	0.010524503	
EXT1	Ext1	0.010494674	
PTPN7	Ptpn7	0.010359822	
FCHSD2	Fchsd2	0.010356823	
CEP85L	Cep85l	0.010062067	
TRAT1	Trat1	0.010027597	
NARF	Narf	0.0099828765	
ARID4B	Arid4b	0.009864272	
CCL3	Ccl3	0.009737765	
PLP1	Plp1	0.009719727	
KIAA1958	E130308A19Rik	0.009608718	
CLCN5	Clcn5	0.009580599	
LUC7L3	Luc7l3	0.009513003	
SP110	Sp110	0.009351655	
FUT8	Fut8	0.009328019	
ZNF627	Zfp867	0.00916132	
SEPT4	Sept4	0.009099058	
GLS	Gls	0.009038915	
DCUN1D4	Dcun1d4	0.008990448	
LUZP1	Luzp1	0.008928965	
KIF3A	Kif3a	0.008921387	
SETX	Setx	0.008813424	
CDC42EP3	Cdc42ep3	0.008379218	
DCAF17	Dcaf17	0.008259172	
RSPH3	Rsph3a	0.008037228	
ITGA2	Itga2	0.007982446	
ABLIM1	Ablim1	0.007647884	
TOX	Tox	0.007487363	
ARHGAP30	Arhgap30	0.0074071926	
B3GNT5	B3gnt5	0.0073215673	
SMARCA2	Smarca2	0.006966398	
CREBRF	Crebrf	0.0067980164	
SMC3	Smc3	0.0067456514	
DYNLL1	Dynll1	0.0067370846	
RFLNB	Rflnb	0.0066739735	
YBEY	Ybey	0.006580034	
C1QTNF6	C1qtnf6	0.0064494396	
RUFY3	Rufy3	0.0064436863	
RANBP2	Ranbp2	0.0064218803	
TRIM6-TRIM34	Trim34a	0.006364546	
HSPA4L	Hspa4l	0.00635315	
HERC1	Herc1	0.0063308966	
KSR1	Ksr1	0.0062599108	
THOC2	Thoc2	0.0062226956	
KMT2E	Kmt2e	0.006077224	
KMT2C	Kmt2c	0.0059784735	
RGS1	Rgs1	0.0059671216	
TLR6	Tlr6	0.0058235815	
DLG4	Dlg4	0.0055832057	
PPP1R12B	Ppp1r12b	0.0055334624	
PAQR8	Paqr8	0.0054947687	
ITIH5	Itih5	0.005389398	
PPP1R12A	Ppp1r12a	0.0053859646	
SUGT1	Sugt1	0.0053396476	
ATP8A2	Atp8a2	0.0050935396	
CRIP2	Crip2	0.005021163	
CARHSP1	Carhsp1	0.0049376963	
ITGAE	Itgae	0.0048719193	
ATP2B1	Atp2b1	0.0048671984	
FAM117B	Fam117b	0.004772878	
ECM1	Ecm1	0.004731169	
GHDC	Ghdc	0.004606942	
ERBB3	Erbb3	0.0044173724	
RETREG1	Retreg1	0.004276616	
TCTEX1D2	Tctex1d2	0.004271644	
NDNF	Ndnf	0.0041931714	
ABCB10	Abcb10	0.0040385243	
GOLGB1	Golgb1	0.0039650835	
XRCC2	Xrcc2	0.003888507	
PON3	Pon3	0.0038571837	
MTUS2	Mtus2	0.003852112	
SLC4A1AP	Slc4a1ap	0.0037498605	
FNDC3B	Fndc3b	0.0037432632	
DNAJC15	Dnajc15	0.0036872495	
PIK3R5	Pik3r5	0.0036213705	
GSN	Gsn	0.0035862946	
ERICH1	Erich1	0.003581849	
MBNL1	Mbnl1	0.0035698551	
ZDHHC20	Zdhhc20	0.003554708	
ATRN	Atrn	0.003487945	
BBS12	Bbs12	0.003442348	
STAT3	Stat3	0.003381656	
PNMA8C	Gm42372	0.0033731605	
DENND1C	Dennd1c	0.0033557822	
PHC3	Phc3	0.0032088545	
PHF21B	Phf21b	0.003180331	
SNTB1	Sntb1	0.0031119196	
LMO1	Lmo1	0.0031032916	
CCDC17	Ccdc17	0.0028342165	
SERINC3	Serinc3	0.002787546	
ACSL1	Acsl1	0.002640421	
ANKRD17	Ankrd17	0.0026073935	
TRIM2	Trim2	0.0025829538	
HSF2	Hsf2	0.0025386433	
KNOP1	Knop1	0.0023215674	
PNPLA8	Pnpla8	0.0022080468	
C2CD5	C2cd5	0.002035191	
ZZZ3	Zzz3	0.0019980308	
PRRC2B	Prrc2b	0.0019624783	
PTP4A2	Ptp4a2	0.0019424302	
HOXB4	Hoxb4	0.0018977516	
GRK5	Grk5	0.0017971655	
REL	Rel	0.0015912931	
POC1B	Poc1b	0.0015081296	
CTNNA1	Ctnna1	0.0014218589	
CXCR4	Cxcr4	0.001389456	
SPACA1	Spaca1	0.001353166	
FNBP1	Fnbp1	0.00122612	
AGO3	Ago3	0.0011765569	
CTNNBIP1	Ctnnbip1	0.0010463776	
SNX21	Snx21	9.830998E-4	
KIAA2026	9930021J03Rik	8.952251E-4	
KBTBD7	Kbtbd7	8.389404E-4	
TAF2	Taf2	6.87932E-4	
ZNF639	Zfp639	6.5754115E-4	
H2AFZ	H2afz	3.9667654E-4	
OLIG3	Olig3	2.745854E-4	
MAP3K13	Map3k13	-2.992713E-4	
CA7	Car7	-5.16321E-4	
PPP1R3B	Ppp1r3b	-6.356574E-4	
PHIP	Phip	-7.6254824E-4	
KCTD7	Kctd7	-9.035308E-4	
SFI1	Sfi1	-9.3461294E-4	
AMMECR1	Ammecr1	-0.0010479663	
FLI1	Fli1	-0.0011784696	
ZNF831	Zfp831	-0.0012410894	
BAZ2A	Baz2a	-0.0013875518	
CWF19L2	Cwf19l2	-0.0014230259	
IL10RA	Il10ra	-0.0014366357	
WASHC4	Washc4	-0.0015190528	
DYNLT1	Dynlt1b	-0.001592903	
XPO7	Xpo7	-0.0017409893	
GPRIN3	Gprin3	-0.0017474894	
TRAV4	Trav2	-0.0017481165	
PIAS3	Pias3	-0.001887468	
ZC3HAV1	Zc3hav1	-0.0019527113	
TFCP2	Tfcp2	-0.0019586585	
HDGFL3	Hdgfl3	-0.002004735	
USP46	Usp46	-0.0020142535	
ZBTB43	Zbtb43	-0.0020325624	
SWT1	Swt1	-0.002089163	
C15orf41	BC052040	-0.0024719515	
CEP350	Cep350	-0.0025764394	
ZNF780B	Zfp780b	-0.0026028883	
CHKA	Chka	-0.00273879	
KIF5C	Kif5c	-0.0027564561	
ATXN2	Atxn2	-0.0027643626	
SLC25A24	Slc25a24	-0.0028439357	
TBC1D4	Tbc1d4	-0.0028912462	
ATPIF1	Atpif1	-0.0029076126	
CD84	Cd84	-0.003054551	
XPR1	Xpr1	-0.0031034944	
HLA-DOB	H2-Ob	-0.003123111	
UHRF2	Uhrf2	-0.003228742	
FCER1G	Fcer1g	-0.0033066734	
TNFRSF13C	Tnfrsf13c	-0.0033358713	
TMEM163	Tmem163	-0.0034611921	
BPTF	Bptf	-0.003637966	
FRMD4B	Frmd4b	-0.003811151	
ACAD10	Acad12	-0.0038750297	
B4GALT1	B4galt1	-0.003902292	
RPLP1	Rplp1	-0.003929082	
KIAA0586	2700049A03Rik	-0.003948845	
ITFG2	Itfg2	-0.0039491444	
GORAB	Gorab	-0.004006995	
RACGAP1	Racgap1	-0.0040591266	
IFT22	Ift22	-0.004374179	
DENND1A	Dennd1a	-0.0043885806	
ZBTB44	Zbtb44	-0.004409745	
LARP7	Larp7	-0.004424377	
DYRK4	Dyrk4	-0.0047210706	
NPC1	Npc1	-0.004740665	
C4orf50	Gm1043	-0.004766574	
AMN1	Amn1	-0.0050057657	
AIM2	Aim2	-0.005063494	
AGBL3	Agbl3	-0.0050693904	
DAG1	Dag1	-0.0051053795	
AKAP9	Akap9	-0.005144568	
RANBP10	Ranbp10	-0.0052514905	
HECA	Heca	-0.005291659	
RBBP9	Rbbp9	-0.0053007845	
ZNF248	Zfp248	-0.0053696632	
TRAF1	Traf1	-0.0053860284	
RASGEF1A	Rasgef1a	-0.0054481113	
TRIM5	Trim12c	-0.005489063	
MSH3	Msh3	-0.0056261416	
DKKL1	Dkkl1	-0.0056518195	
RAD50	Rad50	-0.005807633	
CD3G	Cd3g	-0.006131279	
ZNF667	Zfp667	-0.0061943447	
PKN2	Pkn2	-0.006244096	
UPF3B	Upf3b	-0.0062836385	
SNRPN	Snrpn	-0.006513003	
FAM133B	Fam133b	-0.0066318144	
MDM1	Mdm1	-0.0066461624	
EGR2	Egr2	-0.0067045256	
ARMC9	Armc9	-0.0067158067	
ZFP14	Zfp14	-0.0069210613	
PYGM	Pygm	-0.007132923	
ZMIZ1	Zmiz1	-0.0071772095	
SYNE1	Syne1	-0.007225599	
DCXR	Dcxr	-0.0072629834	
ETNK1	Etnk1	-0.007265925	
NFKBID	Nfkbid	-0.007302091	
LCA5	Lca5	-0.0074034743	
CTCF	Ctcf	-0.0074674645	
KCNK6	Kcnk6	-0.00747511	
DHCR24	Dhcr24	-0.0075439885	
ATP6V1G3	Atp6v1g3	-0.007561416	
CENPP	Cenpp	-0.007700386	
CD79B	Cd79b	-0.0077243806	
MAP1S	Map1s	-0.007803168	
RDH5	Rdh5	-0.007852231	
MAFG	Mafg	-0.007869937	
CAMKK1	Camkk1	-0.00794808	
CD7	Cd7	-0.008094335	
TANC2	Tanc2	-0.0081181815	
PPM1H	Ppm1h	-0.008213468	
NUCB2	Nucb2	-0.008289346	
ATXN7L1	Atxn7l1	-0.0083479965	
STAT2	Stat2	-0.008505547	
ZNF442	Gm14325	-0.008537277	
ATF6	Atf6	-0.008568672	
NSA2	Nsa2	-0.008622632	
FAM126B	Fam126b	-0.008655645	
ALKBH1	Alkbh1	-0.008669221	
BEND6	Bend6	-0.008693196	
MBNL2	Mbnl2	-0.008763921	
BRAF	Braf	-0.008765135	
KCNK5	Kcnk5	-0.008773572	
STARD9	Stard9	-0.008830028	
C17orf50	1700020L24Rik	-0.008861282	
DDX58	Ddx58	-0.008882463	
TBC1D12	Tbc1d12	-0.008963792	
ABCA1	Abca1	-0.009099787	
ZNF780A	Zfp607b	-0.009128942	
ASXL2	Asxl2	-0.009334797	
HMGN3	Hmgn3	-0.009432538	
BIRC6	Birc6	-0.009490611	
GIT2	Git2	-0.009574324	
ERCC5	Ercc5	-0.009756207	
CD28	Cd28	-0.009838083	
SLC27A4	Slc27a4	-0.009861677	
FRMD4A	Frmd4a	-0.009893693	
PLK3	Plk3	-0.01030708	
LPP	Lpp	-0.010398123	
KDM2A	Kdm2a	-0.010574922	
TSC22D2	Tsc22d2	-0.010615759	
FAM89A	Fam89a	-0.0106991725	
ACPP	Acpp	-0.010784492	
FYB1	Fyb	-0.010855378	
PARP16	Parp16	-0.011022784	
LTB	Ltb	-0.0110354135	
HAUS2	Haus2	-0.011237279	
PTPRE	Ptpre	-0.011246043	
NSRP1	Nsrp1	-0.011522962	
PPM1K	Ppm1k	-0.011663346	
EPHB6	Ephb6	-0.011715105	
CCDC25	Ccdc25	-0.0118270535	
SNX30	Snx30	-0.011939776	
LNPK	Lnpk	-0.012046596	
SNTB2	Sntb2	-0.012099236	
SAG	Sag	-0.012168251	
PAXBP1	Paxbp1	-0.012473096	
ZBTB1	Zbtb1	-0.012565022	
LRRC75B	Lrrc75b	-0.012638831	
DDHD1	Ddhd1	-0.012779043	
BBS10	Bbs10	-0.012839675	
CYTH3	Cyth3	-0.012898381	
DCK	Dck	-0.012973497	
TFE3	Tfe3	-0.012975781	
MINDY2	Mindy2	-0.012977679	
IRS2	Irs2	-0.013157532	
FKBP7	Fkbp7	-0.013431176	
CSAD	Csad	-0.013548995	
KIFC3	Kifc3	-0.013671685	
ARHGAP5	Arhgap5	-0.01368509	
ORAI1	Orai1	-0.013709121	
THEMIS	Themis	-0.013722729	
ACSL3	Acsl3	-0.013781308	
CKLF	Cklf	-0.013949398	
GABARAPL1	Gabarapl1	-0.014003625	
CEP41	Cep41	-0.014034651	
HIC2	Hic2	-0.014063215	
REEP5	Reep5	-0.014271797	
MKLN1	Mkln1	-0.01439346	
LPIN2	Lpin2	-0.014484709	
CLDN10	Cldn10	-0.01448595	
PNN	Pnn	-0.014489539	
PTGER2	Ptger2	-0.014800642	
CCDC59	Ccdc59	-0.014863426	
TRPS1	Trps1	-0.015056545	
BBX	Bbx	-0.015182023	
HIPK1	Hipk1	-0.015187841	
SLC17A5	Slc17a5	-0.0152024105	
ZNF729	Zfp738	-0.015515338	
PML	Pml	-0.015612758	
RICTOR	Rictor	-0.015630795	
FRYL	Fryl	-0.015632072	
USP16	Usp16	-0.01568671	
CDC14B	Cdc14b	-0.015845772	
PIK3IP1	Pik3ip1	-0.015898617	
PER3	Per3	-0.01605438	
GCC2	Gcc2	-0.016179226	
UBR5	Ubr5	-0.016185548	
ZFP41	Zfp41	-0.01625181	
PMAIP1	Pmaip1	-0.016290188	
DNAH8	Dnah8	-0.016351948	
PCYOX1L	Pcyox1l	-0.016385602	
TRMT6	Trmt6	-0.016559897	
ZC3H6	Zc3h6	-0.016582167	
MTURN	Mturn	-0.016662676	
CHD6	Chd6	-0.01674743	
DNASE2	Dnase2a	-0.016775442	
SMAP2	Smap2	-0.016812412	
TPP2	Tpp2	-0.016910002	
FOXO1	Foxo1	-0.016947553	
NUDT4	Nudt4	-0.017112354	
FURIN	Furin	-0.017114878	
ZKSCAN8	Zkscan8	-0.017119167	
USP25	Usp25	-0.017167661	
ZSCAN25	Zscan25	-0.01716858	
HELZ	Helz	-0.01720197	
LYRM7	Lyrm7	-0.017230453	
PITPNC1	Pitpnc1	-0.017281203	
HIST1H4C	Hist2h4	-0.017378116	
USP53	Usp53	-0.017647952	
TSC22D1	Tsc22d1	-0.017692784	
GIMAP7	Gimap7	-0.017737852	
RASGRP1	Rasgrp1	-0.017753806	
NOP14	Nop14	-0.017898807	
PLEKHG5	Plekhg5	-0.017976694	
SRRT	Srrt	-0.018010853	
TNIK	Tnik	-0.018141348	
ILDR1	Ildr1	-0.018224854	
FHL3	Fhl3	-0.018238865	
TAF1	Taf1	-0.018336646	
MASTL	Mastl	-0.018422423	
GATA3	Gata3	-0.018437965	
HOOK3	Hook3	-0.018574523	
APPL2	Appl2	-0.018628165	
PSME1	Psme1	-0.018822303	
KCNJ8	Kcnj8	-0.018903064	
MYH9	Myh9	-0.019049633	
EIF4A2	Eif4a2	-0.019063253	
BCL11B	Bcl11b	-0.019076904	
TNRC6B	Tnrc6b	-0.019098798	
YTHDC2	Ythdc2	-0.019124493	
ELL2	Ell2	-0.01925409	
PRDX4	Prdx4	-0.019267246	
NR2C2	Nr2c2	-0.019305678	
NCOA2	Ncoa2	-0.019328779	
IGF1R	Igf1r	-0.019365367	
TOR3A	Tor3a	-0.019460421	
RPS16	Rps16	-0.01955176	
CDK5R1	Cdk5r1	-0.019553185	
KLF9	Klf9	-0.019579057	
IPCEF1	Ipcef1	-0.019663317	
TET1	Tet1	-0.019764725	
CTSF	Ctsf	-0.019854762	
ZNF821	Zfp821	-0.019860994	
TTBK2	Ttbk2	-0.019927673	
IKZF1	Ikzf1	-0.019933272	
MICAL3	Mical3	-0.019937776	
CIR1	Cir1	-0.019961055	
PCGF2	Pcgf2	-0.020026729	
LRRCC1	Lrrcc1	-0.020042855	
BCORL1	Bcorl1	-0.020101601	
NXPE3	Nxpe3	-0.02020919	
SLC35D1	Slc35d1	-0.020221634	
CITED2	Cited2	-0.02031651	
CCDC168	Gm8251	-0.020336756	
RPS6KA5	Rps6ka5	-0.020433048	
CD46	Cd46	-0.020439181	
RBMS1	Rbms1	-0.020472819	
AKAP7	Akap7	-0.020588703	
TNFRSF25	Tnfrsf25	-0.02062101	
EIF3A	Eif3a	-0.02097209	
ING5	Ing5	-0.02099588	
S100A10	S100a10	-0.021010382	
IFT74	Ift74	-0.021150429	
NSMF	Nsmf	-0.021285422	
NICN1	Nicn1	-0.021338217	
ZNF260	Zfp260	-0.021388086	
GPCPD1	Gpcpd1	-0.021453854	
GATAD2B	Gatad2b	-0.021618757	
TGS1	Tgs1	-0.021654919	
PLAG1	Plag1	-0.021667266	
THY1	Thy1	-0.02168836	
AR	Ar	-0.021708105	
ZBTB26	Zbtb26	-0.021758465	
SOX4	Sox4	-0.021787345	
LRIF1	Lrif1	-0.021958698	
WNK1	Wnk1	-0.02196893	
MMP11	Mmp11	-0.022034874	
NSD1	Nsd1	-0.022063248	
CUL7	Cul7	-0.022125034	
HIVEP2	Hivep2	-0.022216048	
PRDM2	Prdm2	-0.022219896	
H2AFJ	H2afj	-0.022305261	
ZFR2	Zfr2	-0.022411559	
PDCD1LG2	Pdcd1lg2	-0.022459976	
ATXN1	Atxn1	-0.022522092	
CRYAB	Cryab	-0.022588992	
TWF1	Twf1	-0.022679139	
CCDC77	Ccdc77	-0.023054354	
KIAA1841	0610010F05Rik	-0.023188738	
EIF4G3	Eif4g3	-0.023342175	
GSK3B	Gsk3b	-0.023416871	
PHLPP1	Phlpp1	-0.02346657	
GALNT9	Galnt9	-0.02351276	
EIF4A1	Eif4a1	-0.023675807	
FANCB	Fancb	-0.023679454	
ZEB2	Zeb2	-0.023820963	
ESYT2	Esyt2	-0.023868434	
PKNOX1	Pknox1	-0.023957802	
IRF2BP2	Irf2bp2	-0.02412258	
CBLL1	Cbll1	-0.024239613	
NEURL3	Neurl3	-0.02425257	
MYO6	Myo6	-0.024422038	
ANKRD12	Ankrd12	-0.024446875	
CALM1	Calm1	-0.024458788	
SFXN4	Sfxn4	-0.02448297	
APBB1IP	Apbb1ip	-0.024491983	
PCNX1	Pcnx	-0.024503883	
ZC3H13	Zc3h13	-0.024538457	
PODNL1	Podnl1	-0.024551908	
PRDM1	Prdm1	-0.02455566	
TSACC	Tsacc	-0.024637152	
ADAM19	Adam19	-0.024650194	
RPL37A	Rpl37a	-0.024736693	
PHLDA1	Phlda1	-0.024749506	
CXXC5	Cxxc5	-0.024792826	
CHD4	Chd4	-0.024808219	
MGA	Mga	-0.024844449	
BCL3	Bcl3	-0.024942001	
CHD1	Chd1	-0.02495367	
OAS1	Oas1a	-0.025052033	
SUZ12	Suz12	-0.02526211	
AQR	Aqr	-0.025267491	
CEP83	Cep83	-0.025297118	
SCAF11	Scaf11	-0.025298186	
CDIP1	Cdip1	-0.025334848	
KCTD17	Kctd17	-0.025577422	
ZSCAN18	Zscan18	-0.02563225	
REEP3	Reep3	-0.025825726	
RNF168	Rnf168	-0.025870385	
CARD6	Card6	-0.025874762	
CARNS1	Carns1	-0.025960648	
SLPI	Slpi	-0.025978947	
ADGRE5	Adgre5	-0.026054	
FKTN	Fktn	-0.026148535	
LSP1	Lsp1	-0.026196845	
SGIP1	Sgip1	-0.026292393	
IFI44L	Ifi44l	-0.026292639	
CCNT1	Ccnt1	-0.026428094	
TRDC	Trdc	-0.026483074	
RPAP3	Rpap3	-0.026584616	
SFMBT1	Sfmbt1	-0.026663998	
RALGDS	Ralgds	-0.026683848	
SLC5A3	Slc5a3	-0.02669907	
DESI2	Desi2	-0.026847217	
CSNK1G1	Csnk1g1	-0.026851641	
TTL	Ttl	-0.026882954	
TLR7	Tlr7	-0.026902191	
BRD9	Brd9	-0.026973741	
L1CAM	L1cam	-0.026990227	
STK39	Stk39	-0.027020141	
N6AMT1	N6amt1	-0.027045147	
SBF2	Sbf2	-0.027054979	
DZIP1	Dzip1	-0.027323961	
PDE7A	Pde7a	-0.027348587	
RGS2	Rgs2	-0.027417868	
KIAA0232	D5Ertd579e	-0.027614841	
ASS1	Ass1	-0.027731579	
TMEM154	Tmem154	-0.027763737	
PHF20	Phf20	-0.02779847	
TRPM1	Trpm1	-0.027901582	
ZNF45	Zfp94	-0.027959254	
GAN	Gan	-0.028176842	
SACS	Sacs	-0.028332977	
PPIC	Ppic	-0.028455993	
PRELID2	Prelid2	-0.028544972	
MPHOSPH9	Mphosph9	-0.028584879	
PARP12	Parp12	-0.028605253	
ADK	Adk	-0.028615296	
HPGDS	Hpgds	-0.028866561	
MYB	Myb	-0.028871624	
MBOAT7	Mboat7	-0.0289593	
IRAK2	Irak2	-0.029019812	
FBXL22	Fbxl22	-0.029035218	
CAPRIN2	Caprin2	-0.029047236	
NSD2	Nsd2	-0.029051315	
KLHL8	Klhl8	-0.029169874	
QPCT	Qpct	-0.029347204	
MLLT3	Mllt3	-0.02941526	
KLHL11	Klhl11	-0.02951563	
NPM1	Npm1	-0.029575417	
RRBP1	Rrbp1	-0.029786825	
CNTRL	Cntrl	-0.030120801	
TSPAN6	Tspan6	-0.030274007	
FRMD6	Frmd6	-0.030300392	
SLC22A15	Slc22a15	-0.03034659	
RANBP6	Ranbp6	-0.030362554	
TOPORS	Topors	-0.030425634	
DCLRE1B	Dclre1b	-0.030581625	
SPAG1	Spag1	-0.030585147	
CYTH4	Cyth4	-0.03070993	
EIF5B	Eif5b	-0.030803293	
ARHGEF18	Arhgef18	-0.030817512	
DCLRE1A	Dclre1a	-0.030853089	
IRF1	Irf1	-0.030930627	
GPAM	Gpam	-0.031094678	
EID1	Eid1	-0.031131849	
C1orf131	2810004N23Rik	-0.031256575	
USP2	Usp2	-0.031282138	
CCDC157	Ccdc157	-0.031302486	
GYPC	Gypc	-0.031359386	
RNF19A	Rnf19a	-0.031409264	
FOS	Fos	-0.031524662	
ST3GAL2	St3gal2	-0.031553667	
HIP1	Hip1	-0.03158201	
ATP6V0E2	Atp6v0e2	-0.031599272	
CISH	Cish	-0.03167527	
RBBP6	Rbbp6	-0.03172727	
ARHGAP29	Arhgap29	-0.031854067	
BHLHE40	Bhlhe40	-0.03186914	
RNASEK	Rnasek	-0.031892333	
ANKRD11	Ankrd11	-0.031908356	
CACNA2D2	Cacna2d2	-0.031924654	
RABGAP1L	Rabgap1l	-0.0321082	
ESF1	Esf1	-0.032260623	
ATP8B4	Atp8b4	-0.032479107	
ST13	St13	-0.032780122	
EFNB1	Efnb1	-0.032822557	
TET3	Tet3	-0.03284469	
NAB2	Nab2	-0.03287318	
TUBB2B	Tubb2b	-0.03293172	
TNFRSF4	Tnfrsf4	-0.032949653	
LIG4	Lig4	-0.03295683	
TGIF1	Tgif1	-0.033031777	
PNISR	Pnisr	-0.033106342	
ZNF703	Zfp703	-0.0332073	
OLFML3	Olfml3	-0.03324421	
MAP3K5	Map3k5	-0.033299863	
SVIL	Svil	-0.033368405	
RASGRP2	Rasgrp2	-0.033452883	
TM7SF2	Tm7sf2	-0.03356192	
EGF	Egf	-0.03367145	
HHAT	Hhat	-0.033856325	
THRA	Thra	-0.034013476	
CCND3	Ccnd3	-0.034018084	
UBASH3A	Ubash3a	-0.034067675	
MSMO1	Msmo1	-0.03416376	
LYPD6B	Lypd6b	-0.03416868	
INO80D	Ino80d	-0.034207717	
GAS2	Gas2	-0.034268234	
KIF2A	Kif2a	-0.034333184	
AGO2	Ago2	-0.03470615	
RSF1	Rsf1	-0.03491644	
RALBP1	Ralbp1	-0.03491927	
NOP58	Nop58	-0.03521064	
OASL	Oasl1	-0.0353573	
HAL	Hal	-0.03536974	
DOCK10	Dock10	-0.03547694	
HPS3	Hps3	-0.03562143	
TTC8	Ttc8	-0.035679325	
ST8SIA6	St8sia6	-0.03588358	
CEP162	Cep162	-0.03595767	
TUBB2A	Tubb2a	-0.036064163	
COX7A1	Cox7a1	-0.036141578	
FRG2	Frg2f1	-0.036232453	
CARF	Carf	-0.03626374	
TESC	Tesc	-0.036289368	
AKAP12	Akap12	-0.03635604	
WHRN	Whrn	-0.036424074	
ARHGAP18	Arhgap18	-0.03656465	
ITGB2	Itgb2	-0.036681067	
PDE3B	Pde3b	-0.036695186	
IFI35	Ifi35	-0.036730632	
IBTK	Ibtk	-0.036858078	
SHISA5	Shisa5	-0.036969926	
MASP2	Masp2	-0.036969945	
PPP1R16B	Ppp1r16b	-0.037049197	
ARHGEF16	Arhgef16	-0.037303675	
ITGA6	Itga6	-0.037529595	
PIM2	Pim2	-0.037600797	
SMC5	Smc5	-0.037670366	
NFIX	Nfix	-0.03788767	
SNX16	Snx16	-0.03788826	
GRAMD1A	Gramd1a	-0.03797205	
ERP27	Erp27	-0.038094	
ENO1	Eno1	-0.038095146	
SRM	Srm	-0.038149633	
EIF2S2	Eif2s2	-0.0381549	
GPR19	Gpr19	-0.03828872	
RAB11FIP2	Rab11fip2	-0.03831425	
TP53I11	Trp53i11	-0.03833376	
SMPDL3B	Smpdl3b	-0.038395796	
HSD11B1	Hsd11b1	-0.03841817	
GRK4	Grk4	-0.038670287	
NDRG2	Ndrg2	-0.038724296	
HNRNPA2B1	Hnrnpa2b1	-0.038808156	
NCBP3	Ncbp3	-0.038886696	
DBNDD2	Dbndd2	-0.039009918	
PHF11	Phf11b	-0.039060637	
SUCO	Suco	-0.039148584	
DAXX	Daxx	-0.039269693	
TYROBP	Tyrobp	-0.039367236	
CLIC5	Clic5	-0.03964237	
NEK7	Nek7	-0.039648026	
SMC6	Smc6	-0.0396847	
RPL12	Rpl12	-0.039746996	
LTA	Lta	-0.039750576	
SCAI	Scai	-0.03975515	
IRF4	Irf4	-0.039937373	
CDK13	Cdk13	-0.04003533	
BRCA2	Brca2	-0.04007245	
ZNF790	Zfp940	-0.040074125	
MYBBP1A	Mybbp1a	-0.040188238	
C1orf74	A130010J15Rik	-0.040449902	
PHTF1	Phtf1	-0.04079074	
RIPOR2	Ripor2	-0.0408811	
IFIT2	Ifit2	-0.041034102	
NOLC1	Nolc1	-0.041274052	
ERCC6L	Ercc6l	-0.04127507	
EGR3	Egr3	-0.041312166	
GNB4	Gnb4	-0.04152466	
SMC4	Smc4	-0.041590944	
SLK	Slk	-0.041644137	
TWSG1	Twsg1	-0.041746154	
HMGN5	Hmgn5	-0.041796435	
MYSM1	Mysm1	-0.04196187	
CLCN4	Clcn4	-0.04202955	
PREX1	Prex1	-0.042048544	
ZNF839	Zfp839	-0.042115077	
SEPT11	Sept11	-0.042240698	
SMPDL3A	Smpdl3a	-0.042277813	
HIST1H1E	Hist1h1e	-0.042436544	
GGT5	Ggt5	-0.042526115	
DDX21	Ddx21	-0.04272874	
RFX1	Rfx1	-0.042866282	
KLF13	Klf13	-0.042903714	
MYO3B	Myo3b	-0.042923078	
LUC7L2	Luc7l2	-0.043111823	
CDKN1B	Cdkn1b	-0.043177504	
NFKBIZ	Nfkbiz	-0.043243527	
DIAPH2	Diaph2	-0.04342934	
EPHX1	Ephx1	-0.043524615	
TAF3	Taf3	-0.043600716	
CERS4	Cers4	-0.04369009	
IQGAP1	Iqgap1	-0.043699928	
ZMAT1	Zmat1	-0.043701	
CHST2	Chst2	-0.043755252	
TNS1	Tns1	-0.043796625	
FAM168A	Fam168a	-0.04408682	
RELL1	Rell1	-0.044124972	
EPRS	Eprs	-0.04427311	
ZBTB7B	Zbtb7b	-0.04438791	
NIPBL	Nipbl	-0.044395905	
EVI2A	Evi2a	-0.04443836	
EPC2	Epc2	-0.04444466	
GOLGA4	Golga4	-0.044537008	
IKZF2	Ikzf2	-0.044596195	
SDCBP2	Sdcbp2	-0.044821043	
TBC1D31	Tbc1d31	-0.044938456	
CREB1	Creb1	-0.044984303	
VSIG10	Vsig10	-0.045233767	
TIRAP	Tirap	-0.045300737	
GNA15	Gna15	-0.045630388	
RHOH	Rhoh	-0.045652613	
SUV39H2	Suv39h2	-0.04573253	
SPOPL	Spopl	-0.045892365	
PGM2L1	Pgm2l1	-0.04609	
SCML4	Scml4	-0.046136886	
NRN1	Nrn1	-0.04623537	
RPS17	Rps17	-0.04627193	
N4BP2	N4bp2	-0.04627415	
SKIL	Skil	-0.046391893	
PCM1	Pcm1	-0.04640002	
EMC9	Emc9	-0.04640091	
FRRS1	Frrs1	-0.04656757	
C1orf35	2310033P09Rik	-0.04669125	
LARP1B	Larp1b	-0.046884026	
PIK3C2A	Pik3c2a	-0.04692531	
BATF	Batf	-0.047015365	
PBRM1	Pbrm1	-0.047191247	
PCBP3	Pcbp3	-0.047322284	
IFT80	Ift80	-0.047400177	
PLSCR1	Plscr1	-0.047456086	
SF3B1	Sf3b1	-0.047511782	
SIK2	Sik2	-0.047515377	
C20orf173	6430550D23Rik	-0.047546215	
ZNF638	Zfp638	-0.04760095	
GRAMD2B	Gramd3	-0.047635708	
S1PR4	S1pr4	-0.047671873	
CASZ1	Casz1	-0.047741864	
MARCH7	March7	-0.047841582	
NCF1	Ncf1	-0.047920596	
INPP5F	Inpp5f	-0.04802129	
CEP128	Cep128	-0.04825675	
NFATC1	Nfatc1	-0.04832751	
TRIP11	Trip11	-0.04837817	
NKD2	Nkd2	-0.04862366	
TPR	Tpr	-0.048646666	
MTF2	Mtf2	-0.04867782	
IER3	Ier3	-0.048785113	
PLAC8	Plac8	-0.048916742	
TYMS	Tyms	-0.049022395	
KATNAL1	Katnal1	-0.049125962	
ATP2B4	Atp2b4	-0.049256712	
NDUFAF4	Ndufaf4	-0.049366076	
STX11	Stx11	-0.049687758	
L3MBTL3	L3mbtl3	-0.049740497	
UVSSA	Uvssa	-0.049819905	
RPS2	Rps2	-0.04986801	
ERCC6L2	Ercc6l2	-0.050003853	
REV3L	Rev3l	-0.050116237	
STYX	Styx	-0.050132286	
ZDHHC2	Zdhhc2	-0.050230514	
CDK6	Cdk6	-0.05028318	
PRKAR2B	Prkar2b	-0.050285548	
GEN1	Gen1	-0.050302792	
MSH5	Msh5	-0.05035818	
PDS5A	Pds5a	-0.050538823	
AURKA	Aurka	-0.050576255	
RPS6KB1	Rps6kb1	-0.050635412	
CCDC50	Ccdc50	-0.05080961	
CIRBP	Cirbp	-0.050893888	
CAGE1	Cage1	-0.050954856	
FUOM	Fuom	-0.050957475	
PRPF4B	Prpf4b	-0.050986018	
ARMC7	Armc7	-0.051013976	
PIK3CA	Pik3ca	-0.051068015	
PPIP5K1	Ppip5k1	-0.051182207	
MLLT10	Mllt10	-0.051187646	
RPS5	Rps5	-0.051279984	
GLB1L	Glb1l	-0.05134118	
DSTYK	Dstyk	-0.051533245	
FKRP	Fkrp	-0.051613443	
GPM6B	Gpm6b	-0.05180066	
CD48	Cd48	-0.051867843	
GNAQ	Gnaq	-0.052205253	
IFIH1	Ifih1	-0.05231329	
TBC1D19	Tbc1d19	-0.052388694	
PLEKHO1	Plekho1	-0.052480437	
PLEC	Plec	-0.052621897	
ZNF416	Zfp418	-0.052853692	
ZNF2	Zfp661	-0.052925766	
SCG5	Scg5	-0.05292598	
UBN2	Ubn2	-0.05329699	
MPP5	Mpp5	-0.05337817	
SMAD7	Smad7	-0.053403337	
BARD1	Bard1	-0.053456437	
ZRANB1	Zranb1	-0.053517483	
MAP3K14	Map3k14	-0.053598125	
LETM2	Letm2	-0.053665265	
PCBP4	Pcbp4	-0.053961586	
MPHOSPH8	Mphosph8	-0.054149322	
INAFM2	Inafm2	-0.054364994	
CEBPZ	Cebpz	-0.0547423	
PCNT	Pcnt	-0.054991953	
GK5	Gk5	-0.055057224	
MSI2	Msi2	-0.055136297	
IER5	Ier5	-0.05517828	
CYP51A1	Cyp51	-0.055222098	
ANKRD44	Ankrd44	-0.05524104	
CYFIP1	Cyfip1	-0.055285297	
PCF11	Pcf11	-0.055839196	
PIGA	Piga	-0.056053273	
TBC1D24	Tbc1d24	-0.056107074	
ZBTB20	Zbtb20	-0.05611911	
RNF157	Rnf157	-0.056130107	
GIMAP1	Gimap1	-0.056244567	
NFKB2	Nfkb2	-0.056290228	
TXNIP	Txnip	-0.05641952	
BCL7A	Bcl7a	-0.056563698	
C11orf71	Gm5617	-0.056602757	
ZFP36L1	Zfp36l1	-0.056657515	
KCNAB1	Kcnab1	-0.056738235	
KIF18A	Kif18a	-0.056801695	
RNF219	Rnf219	-0.056871653	
SLC25A40	Slc25a40	-0.056973815	
NTRK3	Ntrk3	-0.05708435	
CR2	Cr2	-0.057180658	
LIN9	Lin9	-0.057549357	
SLC12A2	Slc12a2	-0.057642087	
BTG1	Btg1	-0.057858784	
OR2Z1	Olfr373	-0.05789272	
CBX1	Cbx1	-0.058094468	
BIK	Bik	-0.058141995	
EPSTI1	Epsti1	-0.058401678	
DHRS13	Dhrs13	-0.058439277	
RC3H1	Rc3h1	-0.058490396	
SWAP70	Swap70	-0.058585245	
NR4A3	Nr4a3	-0.058633644	
ZCWPW1	Zcwpw1	-0.05866421	
ENDOD1	Endod1	-0.05881266	
IL18RAP	Il18rap	-0.058953032	
PRKAB2	Prkab2	-0.05901645	
SFR1	Sfr1	-0.059062134	
CASP4	Casp4	-0.059064224	
C2orf69	1700066M21Rik	-0.059083536	
METTL1	Mettl1	-0.059177753	
CD55	Cd55	-0.059216604	
WBP4	Wbp4	-0.059247598	
FANCM	Fancm	-0.059299614	
GBP5	Gbp5	-0.05951276	
BDP1	Bdp1	-0.059582945	
ABCB1	Abcb1a	-0.059690624	
RAB23	Rab23	-0.059723943	
BACH2	Bach2	-0.05974021	
PTPN13	Ptpn13	-0.05981649	
NT5E	Nt5e	-0.059977286	
BSN	Bsn	-0.059979364	
IRF7	Irf7	-0.06002075	
DKC1	Dkc1	-0.060110252	
DDX5	Ddx5	-0.06012302	
PXMP2	Pxmp2	-0.060388904	
PELI1	Peli1	-0.060596224	
KIFC1	Kifc5b	-0.06070355	
CHIC1	Chic1	-0.060944967	
JUN	Jun	-0.061117362	
BLM	Blm	-0.06140244	
DPP4	Dpp4	-0.061422974	
GGT1	Ggt1	-0.061481263	
LEF1	Lef1	-0.061490968	
NPEPPS	Npepps	-0.06170732	
KMT2A	Kmt2a	-0.061861575	
XKRX	Xkrx	-0.061873633	
PPP1R14B	Ppp1r14b	-0.06208422	
CX3CR1	Cx3cr1	-0.062084585	
ZC3H12A	Zc3h12a	-0.062272735	
ZNF267	D3Ertd254e	-0.062404696	
PRRC2C	Prrc2c	-0.062414367	
EHD4	Ehd4	-0.0625708	
HOOK2	Hook2	-0.06268118	
YTHDC1	Ythdc1	-0.06282733	
ZFP69	Zfp69	-0.06287621	
FDPS	Fdps	-0.06290206	
NNT	Nnt	-0.06290829	
NR1D1	Nr1d1	-0.063145116	
PATJ	Patj	-0.0633581	
KLHL12	Klhl12	-0.063373685	
LARP4B	Larp4b	-0.06346249	
DNMT3A	Dnmt3a	-0.06347081	
ZNF846	Zfp846	-0.063522816	
IGKC	Igkc	-0.06354457	
RGS12	Rgs12	-0.06356782	
WNT5B	Wnt5b	-0.063711904	
ENPP1	Enpp1	-0.06376079	
PALB2	Palb2	-0.0640408	
MTDH	Mtdh	-0.06405396	
CAST	Cast	-0.0642756	
PHF20L1	Phf20l1	-0.06427887	
C21orf2	1810043G02Rik	-0.06437018	
UBE3A	Ube3a	-0.06442959	
TRIM59	Trim59	-0.064550765	
CASP8AP2	Casp8ap2	-0.06466978	
RAPGEF4	Rapgef4	-0.06476637	
TBC1D32	Tbc1d32	-0.064846136	
TSHZ1	Tshz1	-0.06489177	
JDP2	Jdp2	-0.06509712	
C12orf45	D10Wsu102e	-0.06518108	
JUND	Jund	-0.06518123	
SLTM	Sltm	-0.06533959	
TTC3	Ttc3	-0.06556842	
SPATA7	Spata7	-0.0656551	
GPR68	Gpr68	-0.06612509	
CD82	Cd82	-0.066217184	
CD69	Cd69	-0.066357836	
LRP8	Lrp8	-0.06637318	
KLK8	Klk8	-0.066480316	
LY6K	Ly6k	-0.06668838	
NKTR	Nktr	-0.067038305	
KIFAP3	Kifap3	-0.067123614	
NRIP1	Nrip1	-0.0671466	
SELENOI	Selenoi	-0.06720155	
SPEN	Spen	-0.06733015	
RDH12	Rdh12	-0.0674311	
OGFRL1	Ogfrl1	-0.06768516	
ASCC3	Ascc3	-0.06768774	
PDE4B	Pde4b	-0.06774689	
CCDC173	Ccdc173	-0.067898974	
NBEAL1	Nbeal1	-0.067940176	
MYO19	Myo19	-0.068025544	
MIF	Mif	-0.06808231	
GNL3	Gnl3	-0.06817122	
RNPC3	Rnpc3	-0.06817389	
CYLD	Cyld	-0.068199895	
IRF9	Irf9	-0.0682231	
GBP4	Gbp3	-0.06834413	
WNT4	Wnt4	-0.06835321	
PECAM1	Pecam1	-0.06841204	
TMEM140	Tmem140	-0.06843178	
TSC1	Tsc1	-0.068433605	
BAZ2B	Baz2b	-0.06844426	
AKAP13	Akap13	-0.068454206	
RRAGD	Rragd	-0.0686053	
POU2AF1	Pou2af1	-0.068740614	
HOXA7	Hoxa7	-0.06876594	
PKP3	Pkp3	-0.06881789	
SFXN2	Sfxn2	-0.06885205	
DUSP10	Dusp10	-0.06892472	
FXYD5	Fxyd5	-0.069018036	
NANOS1	Nanos1	-0.06902784	
ACADL	Acadl	-0.06903139	
CLIC4	Clic4	-0.06917513	
CA2	Car2	-0.06931568	
TMCC1	Tmcc1	-0.06949859	
CAMK2D	Camk2d	-0.06969251	
PARP8	Parp8	-0.06971613	
MYO5A	Myo5a	-0.06974195	
P2RY10	P2ry10	-0.069784366	
PGPEP1L	Pgpep1l	-0.069932625	
SREK1IP1	Srek1ip1	-0.07036502	
TUBGCP5	Tubgcp5	-0.07066743	
RPS4Y1	Rps4x	-0.07143834	
UTP14C	Utp14b	-0.07157775	
CD99L2	Cd99l2	-0.07180469	
HNRNPR	Hnrnpr	-0.07185704	
JADE1	Jade1	-0.07199705	
NME1	Nme1	-0.07213856	
PSMB10	Psmb10	-0.07217002	
EIF4E3	Eif4e3	-0.07233103	
TNRC6A	Tnrc6a	-0.07233776	
STK38	Stk38	-0.07245937	
MRPL52	Mrpl52	-0.07294522	
BTG2	Btg2	-0.073107064	
GIMAP8	Gimap8	-0.073362276	
CPNE4	Cpne4	-0.073453866	
PPP1R15A	Ppp1r15a	-0.07376032	
CEP170	Cep170	-0.0745265	
DTX3L	Dtx3l	-0.074558206	
NQO2	Nqo2	-0.074786335	
SYT11	Syt11	-0.074946016	
AEBP2	Aebp2	-0.07532504	
KLF6	Klf6	-0.075429134	
CHCHD10	Chchd10	-0.075509466	
IFIT3	Ifit3	-0.07560823	
KIF23	Kif23	-0.075648695	
RB1CC1	Rb1cc1	-0.07582186	
IRGM	Irgm2	-0.07586165	
FBXL2	Fbxl2	-0.07588291	
SETD1B	Setd1b	-0.075952336	
CEP295	Cep295	-0.076027974	
GPR21	Gpr21	-0.07609934	
RBM25	Rbm25	-0.076609276	
SLAMF1	Slamf1	-0.07663904	
GALNT7	Galnt7	-0.07675327	
UPRT	Uprt	-0.07680172	
MITD1	Mitd1	-0.076971225	
TNFAIP3	Tnfaip3	-0.07698134	
XDH	Xdh	-0.0769887	
MCUB	Mcub	-0.0770962	
KDM3B	Kdm3b	-0.07731505	
SET	Set	-0.07748108	
SYNJ2	Synj2	-0.0775113	
BRCA1	Brca1	-0.07759742	
KDM6B	Kdm6b	-0.07764145	
TTC39C	Ttc39c	-0.07764623	
PTTG1	Pttg1	-0.07774711	
FAM129A	Fam129a	-0.07776585	
THRAP3	Thrap3	-0.07786123	
ARHGEF11	Arhgef11	-0.07815571	
SPN	Spn	-0.07824339	
IWS1	Iws1	-0.078535065	
INPP4B	Inpp4b	-0.07854751	
ASH1L	Ash1l	-0.07855598	
ETV3	Etv3	-0.07885183	
SP4	Sp4	-0.07915055	
ARL4C	Arl4c	-0.07939004	
ITGA1	Itga1	-0.07941204	
ICAM1	Icam1	-0.079786785	
UBALD2	Ubald2	-0.079858795	
KLRG1	Klrg1	-0.07989497	
PRKCA	Prkca	-0.07997305	
KRIT1	Krit1	-0.08008091	
CHD2	Chd2	-0.0802977	
IGSF23	Igsf23	-0.08042477	
SAMD9L	Samd9l	-0.080603614	
RNF138	Rnf138	-0.08064388	
MIA3	Mia3	-0.08073365	
CLDND1	Cldnd1	-0.08090483	
BCL2A1	Bcl2a1d	-0.081167914	
NACC2	Nacc2	-0.081271596	
CENPW	Cenpw	-0.081271626	
RBM5	Rbm5	-0.08128924	
WDR44	Wdr44	-0.08151474	
TOP2B	Top2b	-0.08155896	
ATP1B3	Atp1b3	-0.08175472	
CDC25B	Cdc25b	-0.08205763	
NFAT5	Nfat5	-0.082110636	
GTF2I	Gtf2i	-0.08211216	
TMEM237	Tmem237	-0.08230474	
GIGYF2	Gigyf2	-0.08235148	
VIM	Vim	-0.08254124	
IL7R	Il7r	-0.08284008	
TCF7	Tcf7	-0.08308049	
TNFSF9	Tnfsf9	-0.08320008	
HSPE1	Hspe1	-0.08321474	
RAD18	Rad18	-0.08327216	
ROCK2	Rock2	-0.08357545	
SSBP2	Ssbp2	-0.0838719	
OAS3	Oas3	-0.084075384	
RNF213	Rnf213	-0.084159195	
CAPG	Capg	-0.084542625	
TRIM56	Trim56	-0.08457225	
NFKBIA	Nfkbia	-0.084944665	
GADD45A	Gadd45a	-0.08521945	
TAP1	Tap1	-0.08533469	
CHD9	Chd9	-0.08533844	
KLF2	Klf2	-0.08539641	
LDLR	Ldlr	-0.08545206	
ARRDC4	Arrdc4	-0.08563623	
ZNF773	Zfp772	-0.085768215	
ECT2	Ect2	-0.08581281	
ANKRD49	Ankrd49	-0.086125046	
ATRX	Atrx	-0.08613326	
TREML2	Treml2	-0.08623881	
PER2	Per2	-0.08647184	
IL18BP	Il18bp	-0.08694752	
IFIT1	Ifit1bl1	-0.08715088	
TMEM65	Tmem65	-0.08717897	
GBP6	Gbp4	-0.08734502	
CALCRL	Calcrl	-0.08738198	
EPCAM	Epcam	-0.08759726	
TXN	Txn1	-0.0878106	
SLC43A2	Slc43a2	-0.08784491	
S100A4	S100a4	-0.08830364	
CYBA	Cyba	-0.08864651	
KIF20B	Kif20b	-0.08869935	
HIST1H3D	Hist1h3a	-0.088700525	
SLC19A2	Slc19a2	-0.088821486	
AFAP1	Afap1	-0.08886794	
TSPAN3	Tspan3	-0.08896791	
PARP9	Parp9	-0.08898852	
RFC3	Rfc3	-0.08910663	
CENPE	Cenpe	-0.08922139	
LGALS3BP	Lgals3bp	-0.08941409	
MAT2A	Mat2a	-0.089715354	
KIF21B	Kif21b	-0.089740545	
RAPGEF6	Rapgef6	-0.08977903	
SGMS1	Sgms1	-0.08982278	
USP18	Usp18	-0.08993128	
ALCAM	Alcam	-0.09010781	
GRAP2	Grap2	-0.090118304	
JUNB	Junb	-0.09018151	
BMPR2	Bmpr2	-0.09025294	
DDX60	Ddx60	-0.09032366	
DNAJA1	Dnaja1	-0.09036042	
MDFIC	Mdfic	-0.090419516	
NPC2	Npc2	-0.090481915	
DBF4	Dbf4	-0.090555415	
RIF1	Rif1	-0.09076772	
MED13L	Med13l	-0.090850376	
CD86	Cd86	-0.091079935	
RPS7	Rps7	-0.09125419	
NIN	Nin	-0.09170722	
ARL10	Arl10	-0.09172031	
HIST1H2AE	Hist1h2ap	-0.09174064	
TNF	Tnf	-0.09243222	
S1PR1	S1pr1	-0.092535004	
SLFN13	Slfn8	-0.09264768	
TACC3	Tacc3	-0.09289779	
LAT	Lat	-0.093038216	
HOPX	Hopx	-0.09322577	
NOP56	Nop56	-0.09348729	
ATF7IP	Atf7ip	-0.09379719	
BANK1	Bank1	-0.094259106	
TECPR2	Tecpr2	-0.09433328	
CCDC82	Ccdc82	-0.0944095	
CD3EAP	Cd3eap	-0.09442081	
NIM1K	Nim1k	-0.094432004	
CALR	Calr	-0.09443475	
HIVEP1	Hivep1	-0.094542	
HIST1H2BF	Hist1h2be	-0.09455562	
TRAFD1	Trafd1	-0.0946274	
RARG	Rarg	-0.09524719	
ZC3H8	Zc3h8	-0.09530571	
BCL2	Bcl2	-0.095416166	
MBTD1	Mbtd1	-0.09544691	
HSP90B1	Hsp90b1	-0.09564899	
LAG3	Lag3	-0.09573236	
RALGPS2	Ralgps2	-0.09579454	
PSIP1	Psip1	-0.09614084	
CRLF3	Crlf3	-0.09643495	
LMNB1	Lmnb1	-0.09650627	
KCNA2	Kcna2	-0.0966559	
PSME2	Psme2	-0.09701362	
SPTBN1	Sptbn1	-0.09740147	
CD200	Cd200	-0.097415864	
LGALS3	Lgals3	-0.09773752	
GZMK	Gzmk	-0.09780179	
FBXO36	Fbxo36	-0.09783666	
CENPA	Cenpa	-0.098036684	
SYTL3	Sytl3	-0.09814957	
CEP97	Cep97	-0.09835483	
VPS13A	Vps13a	-0.098707885	
ICOS	Icos	-0.09884642	
ANXA5	Anxa5	-0.09886749	
GZMB	Gzmb	-0.09919799	
INSIG1	Insig1	-0.100027815	
PCGF6	Pcgf6	-0.1000332	
CD9	Cd9	-0.10010259	
HSPA5	Hspa5	-0.1002911	
ST8SIA1	St8sia1	-0.10039269	
XRN2	Xrn2	-0.10043792	
TUBA4A	Tuba4a	-0.10048556	
EIF5A	Eif5a	-0.10049199	
HELZ2	Helz2	-0.10059219	
CASP3	Casp3	-0.10065295	
U2SURP	U2surp	-0.10087182	
CKS2	Cks2	-0.10171052	
TMEM245	Tmem245	-0.10186915	
CCP110	Ccp110	-0.101948634	
ARID5B	Arid5b	-0.102055736	
EMSY	Emsy	-0.10218274	
SCLT1	Sclt1	-0.102384515	
DENND4A	Dennd4a	-0.10247257	
TTC39B	Ttc39b	-0.1024802	
RNF216	Rnf216	-0.10249361	
ZBP1	Zbp1	-0.102527246	
ATAD2	Atad2	-0.1029433	
TMIE	Tmie	-0.10313637	
ACTN1	Actn1	-0.103243254	
SQLE	Sqle	-0.10336162	
MAPK8	Mapk8	-0.104085885	
NAP1L1	Nap1l1	-0.10424033	
IFI16	Ifi203	-0.104851745	
FAM13B	Fam13b	-0.106181055	
CELSR2	Celsr2	-0.10648998	
CD274	Cd274	-0.10650674	
CMTM7	Cmtm7	-0.10666379	
SLC38A2	Slc38a2	-0.106783755	
TIMELESS	Timeless	-0.107106	
ALS2CL	Als2cl	-0.107549034	
FAAH	Faah	-0.10758986	
TMX4	Tmx4	-0.10766146	
HNRNPA1	Hnrnpa1	-0.10806372	
GBP7	Gbp7	-0.108070426	
RPS27	Rps27	-0.10820637	
POLA1	Pola1	-0.108545326	
DHX58	Dhx58	-0.108804114	
SLC4A7	Slc4a7	-0.1093837	
TNFSF8	Tnfsf8	-0.109464005	
CDCA7	Cdca7	-0.11009531	
RNPEP	Rnpep	-0.11026425	
SIDT1	Sidt1	-0.11073831	
SOCS3	Socs3	-0.11080487	
MCM6	Mcm6	-0.11081882	
ITPR2	Itpr2	-0.11091959	
ALS2	Als2	-0.11111506	
DGKA	Dgka	-0.11148519	
PIM1	Pim1	-0.11165897	
MATK	Matk	-0.112217195	
EIF2AK2	Eif2ak2	-0.112556055	
ACIN1	Acin1	-0.11292002	
FUBP1	Fubp1	-0.11335851	
CERS6	Cers6	-0.113521606	
MTSS1	Mtss1	-0.113914005	
DTX1	Dtx1	-0.11403448	
HOMER1	Homer1	-0.11454865	
SOCS1	Socs1	-0.11514008	
ATAD5	Atad5	-0.11515106	
KLF3	Klf3	-0.11538072	
DEK	Dek	-0.11563656	
GBP2	Gbp2	-0.11669704	
SRSF2	Srsf2	-0.11687639	
NCL	Ncl	-0.11698923	
CCR9	Ccr9	-0.11710519	
FUS	Fus	-0.117233254	
SMS	Sms	-0.11780126	
ZBTB32	Zbtb32	-0.117810845	
FABP5	Fabp5	-0.1181349	
NSD3	Nsd3	-0.11847105	
PDCD1	Pdcd1	-0.119511485	
CASP1	Casp1	-0.119589224	
LARP1	Larp1	-0.120232716	
MPHOSPH10	Mphosph10	-0.12029735	
POLR3F	Polr3f	-0.12055766	
CFLAR	Cflar	-0.12070138	
CDC20	Cdc20	-0.12086818	
CD8A	Cd8a	-0.12119936	
PSMB9	Psmb9	-0.12121158	
PRSS41	Prss41	-0.1221789	
ILF2	Ilf2	-0.12224124	
DTL	Dtl	-0.1225417	
RRM2	Rrm2	-0.12279347	
TDGF1	Tdgf1	-0.12289342	
GADD45B	Gadd45b	-0.12309332	
PLK4	Plk4	-0.12365726	
GADD45G	Gadd45g	-0.12419764	
RBBP8	Rbbp8	-0.124294154	
POU2F2	Pou2f2	-0.12431249	
MAF	Maf	-0.12650248	
VPS37B	Vps37b	-0.12677124	
RTP4	Rtp4	-0.12684605	
SMCHD1	Smchd1	-0.12734982	
RPS19	Rps19	-0.12760352	
TCERG1	Tcerg1	-0.12824908	
SPC25	Spc25	-0.12841852	
ULBP1	Ulbp1	-0.12853143	
WLS	Wls	-0.1285355	
LY6E	Ly6e	-0.12873057	
RORA	Rora	-0.12926123	
IL6R	Il6ra	-0.12930836	
BRD8	Brd8	-0.12992164	
BAZ1B	Baz1b	-0.12995477	
CBX5	Cbx5	-0.13001506	
FAM241A	Fam241a	-0.13051811	
RPS20	Rps20	-0.13139807	
CEP290	Cep290	-0.13189137	
PTOV1	Ptov1	-0.13251777	
HERC6	Herc6	-0.13286766	
HMGB2	Hmgb2	-0.13303347	
KIF22	Kif22	-0.13339886	
LDHB	Ldhb	-0.13406974	
RAB3IP	Rab3ip	-0.13493262	
MCM3	Mcm3	-0.13566115	
S100A6	S100a6	-0.13573901	
EEF1G	Eef1g	-0.13656043	
ID2	Id2	-0.13673197	
NDC80	Ndc80	-0.13706283	
PDLIM4	Pdlim4	-0.13731335	
CCND2	Ccnd2	-0.1381315	
TAPBP	Tapbp	-0.13893428	
CRIP1	Crip1	-0.13980371	
FAM169B	Fam169b	-0.14015658	
ACTN2	Actn2	-0.14018597	
RPL22L1	Rpl22l1	-0.14045179	
SH3BP5	Sh3bp5	-0.14144571	
ISG20	Isg20	-0.14157835	
MYCBP2	Mycbp2	-0.14206928	
DHFR	Dhfr	-0.14268923	
TDRP	Tdrp	-0.14399418	
CMPK2	Cmpk2	-0.1449955	
TAGAP	Tagap	-0.14597861	
GPATCH4	Gpatch4	-0.14666241	
IDI1	Idi1	-0.14699866	
ANXA2	Anxa2	-0.14709687	
CCDC34	Ccdc34	-0.14865054	
LGALS1	Lgals1	-0.14935307	
EMB	Emb	-0.14954324	
PCLAF	Pclaf	-0.15059964	
IL18R1	Il18r1	-0.15086795	
SAMHD1	Samhd1	-0.15119673	
XAF1	Xaf1	-0.15161057	
IFIT1B	Ifit1	-0.15263058	
CKS1B	Cks1b	-0.15269169	
SLFN5	Slfn5	-0.1531412	
RSAD2	Rsad2	-0.15538579	
EZH2	Ezh2	-0.15542132	
SMC1A	Smc1a	-0.15567645	
ZNF292	Zfp292	-0.15589339	
CCR7	Ccr7	-0.15660058	
TOP2A	Top2a	-0.1566643	
CTLA4	Ctla4	-0.15771748	
STAT1	Stat1	-0.15820293	
PSMB8	Psmb8	-0.158262	
HSPA8	Hspa8	-0.15869237	
SMC2	Smc2	-0.16029207	
TUBA1A	Tuba1a	-0.16045779	
SERP2	Serp2	-0.16127326	
TAGLN2	Tagln2	-0.16228168	
SLCO3A1	Slco3a1	-0.1639686	
TUBB4B	Tubb4b	-0.16447784	
IFNGR2	Ifngr2	-0.16680567	
PPA1	Ppa1	-0.167063	
STMN1	Stmn1	-0.16713412	
AUTS2	Auts2	-0.16746071	
CCNB1	Ccnb1	-0.16832699	
PRC1	Prc1	-0.16847743	
HSP90AA1	Hsp90aa1	-0.17057762	
PCGF5	Pcgf5	-0.17273791	
CDCA2	Cdca2	-0.17482805	
PARP14	Parp14	-0.17573698	
DAPL1	Dapl1	-0.17979138	
AHNAK	Ahnak	-0.1819225	
ISG15	Isg15	-0.18243092	
CCL5	Ccl5	-0.1824918	
CDK1	Cdk1	-0.18272266	
CDCA8	Cdca8	-0.18462448	
S100A11	S100a11	-0.1869071	
FAM111A	Fam111a	-0.18754858	
HLA-A	H2-D1	-0.1879782	
GBP3	Gbp2b	-0.18846153	
RPS8	Rps8	-0.1887329	
BST2	Bst2	-0.1890182	
HSP90AB1	Hsp90ab1	-0.18970113	
NCOA7	Ncoa7	-0.19300996	
EMP3	Emp3	-0.19483815	
LIG1	Lig1	-0.19701502	
RGCC	Rgcc	-0.19758445	
RPS29	Rps29	-0.19985925	
KIAA0040	4930523C07Rik	-0.20156828	
HLA-E	H2-T23	-0.20427644	
TPT1	Tpt1	-0.2045696	
SPC24	Spc24	-0.20662615	
IGFBP4	Igfbp4	-0.2090783	
RPS24	Rps24	-0.21032706	
CD226	Cd226	-0.21493351	
BIRC5	Birc5	-0.21522959	
ITGA4	Itga4	-0.22168577	
RPS3A	Rps3a1	-0.23099972	
TUBB	Tubb5	-0.24890503	
TUBA1B	Tuba1b	-0.2674779	
PTMA	Ptma	-0.27479875	
RAMP1	Ramp1	-0.27535045	
TSC22D3	Tsc22d3	-0.28178236	
ITGB7	Itgb7	-0.28225073	
